,,
0,10295,Floor
2,11593,Floor
4,11594,Floor
6,9268,Floor
8,11595,Floor
10,9269,Floor
12,0,Floor
14,9270,Floor
16,10312,Floor
18,10313,Floor
20,10314,Floor
22,10315,Floor
24,0,Floor
26,9288,Floor
28,9289,Floor
30,9290,Floor
32,0,Floor
34,0,Floor
36,8011,Floor
38,11152,Floor
40,11153,Floor
42,11154,Floor
44,11161,Floor
46,11162,Floor
48,9618,Floor
50,9619,Floor
52,9620,Floor
54,9621,Floor
56,9622,Floor
58,9623,Floor
60,9624,Floor
62,9625,Floor
64,9626,Floor
66,13102,Floor
68,13103,Floor
70,13104,Floor
72,13105,Floor
74,13106,Floor
76,13107,Floor
78,13108,Floor
80,13109,Floor
82,13110,Floor
84,13111,Floor
86,13112,Floor
88,13113,Floor
90,13114,Floor
92,12079,Floor
94,13115,Floor
96,12080,Floor
98,12081,Floor
100,13116,Floor
102,13117,Floor
104,12082,Floor
106,12083,Floor
108,12084,Floor
110,12085,Floor
112,12086,Floor
114,12087,Floor
116,12088,Floor
118,12089,Floor
120,12090,Floor
122,12091,Floor
124,10801,Floor
126,12092,Floor
128,12093,Floor
130,10802,Floor
132,10803,Floor
134,10804,Floor
136,10805,Floor
138,10806,Floor
140,10807,Floor
142,10808,Floor
144,0,Floor
146,9774,Floor
148,9775,Floor
150,9776,Floor
152,9777,Floor
154,9778,Floor
156,9779,Floor
158,9780,Floor
160,12107,Floor
162,9781,Floor
164,9782,Floor
166,9783,Floor
168,10824,Floor
170,10825,Floor
172,10826,Floor
174,10827,Floor
176,13203,Floor
178,0,Floor
180,9801,Floor
182,9802,Floor
184,13210,Floor
186,8518,Floor
188,8519,Floor
190,8520,Floor
192,8521,Floor
194,8522,Floor
196,8523,Floor
198,0,Floor
200,11665,Floor
202,11666,Floor
204,11668,Floor
206,11670,Floor
208,11671,Floor
210,11672,Floor
212,11673,Floor
214,11674,Floor
216,7499,Floor
218,11675,Floor
220,10131,Floor
222,10132,Floor
224,10133,Floor
226,10134,Floor
228,10135,Floor
230,10136,Floor
232,10137,Floor
234,10138,Floor
236,10139,Floor
238,13617,Floor
240,13618,Floor
242,13619,Floor
244,13620,Floor
246,13621,Floor
248,12590,Floor
250,12591,Floor
252,12592,Floor
254,12593,Floor
256,12594,Floor
258,12595,Floor
260,12596,Floor
262,12597,Floor
264,0,Floor
266,12598,Floor
268,12599,Floor
270,12600,Floor
272,11309,Floor
274,12601,Floor
276,11310,Floor
278,12602,Floor
280,11311,Floor
282,12603,Floor
284,11312,Floor
286,11313,Floor
288,12604,Floor
290,12605,Floor
292,11314,Floor
294,11315,Floor
296,11316,Floor
298,11317,Floor
300,11318,Floor
302,11319,Floor
304,12180,Floor
306,12181,Floor
308,12182,Floor
310,12184,Floor
312,12185,Floor
314,12187,Floor
316,12192,Floor
318,12193,Floor
320,11336,Floor
322,11337,Floor
324,10387,Floor
326,11338,Floor
328,10388,Floor
330,11339,Floor
332,10389,Floor
334,10390,Floor
336,10391,Floor
338,10392,Floor
340,10393,Floor
342,10394,Floor
344,9035,Floor
346,0,Floor
348,7755,Floor
350,0,Floor
352,12693,Floor
354,12697,Floor
356,12698,Floor
358,12699,Floor
360,12700,Floor
362,10896,Floor
364,10897,Floor
366,10898,Floor
368,10903,Floor
370,12846,Floor
372,10904,Floor
374,12847,Floor
376,10905,Floor
378,12848,Floor
380,12849,Floor
382,12850,Floor
384,12851,Floor
386,12852,Floor
388,12853,Floor
390,12854,Floor
392,12855,Floor
394,12856,Floor
396,11821,Floor
398,12857,Floor
400,11822,Floor
402,9362,Floor
404,12858,Floor
406,11823,Floor
408,9363,Floor
410,12859,Floor
412,11824,Floor
414,9364,Floor
416,11825,Floor
418,9365,Floor
420,12860,Floor
422,12861,Floor
424,11826,Floor
426,9366,Floor
428,11827,Floor
430,11828,Floor
432,9368,Floor
434,11829,Floor
436,9369,Floor
438,11830,Floor
440,9370,Floor
442,11831,Floor
444,11832,Floor
446,0,Floor
448,11833,Floor
450,10542,Floor
452,11834,Floor
454,10543,Floor
456,11835,Floor
458,10544,Floor
460,10545,Floor
462,11836,Floor
464,11837,Floor
466,10546,Floor
468,10547,Floor
470,10548,Floor
472,10549,Floor
474,10550,Floor
476,10551,Floor
478,10552,Floor
480,9520,Floor
482,9521,Floor
484,9522,Floor
486,9523,Floor
488,9524,Floor
490,11851,Floor
492,9525,Floor
494,9526,Floor
496,9527,Floor
498,10568,Floor
500,10569,Floor
502,10570,Floor
504,10571,Floor
506,0,Floor
508,9545,Floor
510,9546,Floor
512,9547,Floor
514,8262,Floor
516,8263,Floor
518,8264,Floor
520,8265,Floor
522,8266,Floor
524,0,Floor
526,12949,Floor
528,12950,Floor
530,12952,Floor
532,12953,Floor
534,12954,Floor
536,11408,Floor
538,11409,Floor
540,11410,Floor
542,11412,Floor
544,11413,Floor
546,11414,Floor
548,11415,Floor
550,11416,Floor
552,11417,Floor
554,11418,Floor
556,11419,Floor
558,9874,Floor
560,9875,Floor
562,9876,Floor
564,9877,Floor
566,9878,Floor
568,9879,Floor
570,9880,Floor
572,9881,Floor
574,9882,Floor
576,9883,Floor
578,13358,Floor
580,13359,Floor
582,13360,Floor
584,13361,Floor
586,13362,Floor
588,13363,Floor
590,13364,Floor
592,13365,Floor
594,13366,Floor
596,13367,Floor
598,13368,Floor
600,13369,Floor
602,13370,Floor
604,12335,Floor
606,13371,Floor
608,12336,Floor
610,12337,Floor
612,13372,Floor
614,13373,Floor
616,12338,Floor
618,12339,Floor
620,12340,Floor
622,12341,Floor
624,12342,Floor
626,12343,Floor
628,12344,Floor
630,11053,Floor
632,12345,Floor
634,11054,Floor
636,12346,Floor
638,11055,Floor
640,12347,Floor
642,11056,Floor
644,11057,Floor
646,12348,Floor
648,12349,Floor
650,11058,Floor
652,11059,Floor
654,11060,Floor
656,11061,Floor
658,11062,Floor
660,11063,Floor
662,11064,Floor
664,0,Floor
666,10030,Floor
668,10031,Floor
670,10032,Floor
672,10033,Floor
674,10034,Floor
676,10035,Floor
678,10036,Floor
680,10037,Floor
682,10038,Floor
684,13464,Floor
686,10039,Floor
688,13465,Floor
690,13466,Floor
692,11080,Floor
694,11081,Floor
696,11082,Floor
698,11083,Floor
700,11925,Floor
702,11926,Floor
704,10056,Floor
706,11928,Floor
708,10057,Floor
710,11929,Floor
712,10058,Floor
714,11930,Floor
716,10059,Floor
718,0,Floor
720,11937,Floor
722,8774,Floor
724,8775,Floor
726,8776,Floor
728,8777,Floor
730,8778,Floor
732,8779,Floor
734,0,Floor
736,12436,Floor
738,12437,Floor
740,12440,Floor
742,12441,Floor
744,12442,Floor
746,12443,Floor
748,12444,Floor
750,11565,Floor
752,11566,Floor
754,11567,Floor
756,11568,Floor
758,11569,Floor
760,11570,Floor
762,10642,Floor
764,11571,Floor
766,11572,Floor
768,11573,Floor
770,10645,Floor
772,11574,Floor
774,11575,Floor
776,11576,Floor
778,0,Floor
780,10647,Floor
782,11577,Floor
784,10286,Floor
786,10648,Floor
788,11578,Floor
790,10287,Floor
792,10649,Floor
794,11579,Floor
796,10288,Floor
798,10650,Floor
800,10289,Floor
802,0,Floor
804,0,Floor
806,10290,Floor
808,10291,Floor
810,10292,Floor
812,10293,Floor
814,10294,Floor
816,10906,Floor
818,12076,Floor
820,12077,Floor
822,12078,Floor
824,13118,Floor
826,10796,Floor
828,10797,Floor
830,10798,Floor
832,10799,Floor
834,10800,Floor
836,12094,Floor
838,11308,Floor
840,12606,Floor
842,11820,Floor
844,12862,Floor
846,11838,Floor
848,12333,Floor
850,12334,Floor
852,13374,Floor
854,11052,Floor
856,12350,Floor
858,11564,Floor
860,11582,Floor
862,13622,Floor
864,13722,Floor
866,13878,Floor
868,13623,Floor
870,14134,Floor
872,14135,Floor
874,13879,Floor
876,13877,Floor
878,0,Floor
880,13720,Floor
882,13975,Floor
884,0,Floor
886,13875,Floor
888,13876,Floor
890,10900,Floor
892,10901,Floor
894,10902,Floor
896,11156,Floor
898,11157,Floor
900,11158,Floor
902,8010,Floor
904,11591,Floor
906,9034,Floor
908,11320,Floor
910,11421,Floor
912,11321,Floor
914,11676,Floor
916,11677,Floor
918,9803,Floor
920,12948,Floor
922,13972,Floor
924,10055,Floor
926,8241,Floor
928,8242,Floor
930,8496,Floor
932,8497,Floor
934,8498,Floor
936,8499,Floor
938,8752,Floor
940,8753,Floor
942,8754,Floor
944,8755,Floor
946,9008,Floor
948,9009,Floor
950,9010,Floor
952,9011,Floor
954,9012,Floor
956,9264,Floor
958,9265,Floor
960,9266,Floor
962,9267,Floor
964,9287,Floor
966,8009,Floor
968,11422,Floor
970,14390,Floor
972,10296,Floor
974,10553,Floor
976,10809,Floor
978,10810,Floor
980,11065,Floor
982,10652,Floor
984,10653,Floor
986,10297,Floor
988,10298,Floor
990,10554,Floor
992,9799,Floor
994,10140,Floor
996,10040,Floor
998,0,Floor
1000,9784,Floor
1002,9785,Floor
1004,10041,Floor
1006,8781,Floor
1008,9787,Floor
1010,9788,Floor
1012,9789,Floor
1014,10043,Floor
1016,10044,Floor
1018,10045,Floor
1020,10299,Floor
1022,10300,Floor
1024,10301,Floor
1026,10555,Floor
1028,10556,Floor
1030,10557,Floor
1032,10311,Floor
1034,10894,Floor
1036,10895,Floor
1038,10794,Floor
1040,10795,Floor
1042,11150,Floor
1044,11151,Floor
1046,11050,Floor
1048,11051,Floor
1050,11562,Floor
1052,10310,Floor
1054,10566,Floor
1056,10567,Floor
1058,9519,Floor
1060,11306,Floor
1062,11307,Floor
1064,11563,Floor
1066,9786,Floor
1068,10042,Floor
1070,10821,Floor
1072,10822,Floor
1074,10823,Floor
1076,11077,Floor
1078,11078,Floor
1080,11079,Floor
1082,13718,Floor
1084,13874,Floor
1086,11166,Floor
1088,11167,Floor
1090,11066,Floor
1092,11067,Floor
1094,11068,Floor
1096,11322,Floor
1098,10811,Floor
1100,10812,Floor
1102,13977,Floor
1104,14131,Floor
1106,10644,Floor
1108,10899,Floor
1110,10908,Floor
1112,11164,Floor
1114,11165,Floor
1116,13979,Floor
1118,14235,Floor
1120,14234,Floor
1122,10309,Floor
1124,14391,Floor
1126,14746,Floor
1128,14646,Floor
1130,14647,Floor
1132,9540,Floor
1134,9541,Floor
1136,9797,Floor
1138,15159,Floor
1140,12694,Floor
1142,8269,Floor
1144,9293,Floor
1146,9549,Floor
1148,10061,Floor
1150,10317,Floor
1152,11423,Floor
1154,11678,Floor
1156,11679,Floor
1158,10828,Floor
1160,13872,Floor
1162,13616,Floor
1164,13873,Floor
1166,10575,Floor
1168,10831,Floor
1170,11085,Floor
1172,11323,Floor
1174,11341,Floor
1176,11597,Floor
1178,12438,Floor
1180,12439,Floor
1182,12945,Floor
1184,12843,Floor
1186,12844,Floor
1188,12845,Floor
1190,13099,Floor
1192,13100,Floor
1194,12946,Floor
1196,13202,Floor
1198,13101,Floor
1200,13357,Floor
1202,14133,Floor
1204,9033,Floor
1206,13199,Floor
1208,14231,Floor
1210,9263,Floor
1212,13206,Floor
1214,8006,Floor
1216,11854,Floor
1218,11855,Floor
1220,12109,Floor
1222,12110,Floor
1224,12111,Floor
1226,9805,Floor
1228,14747,Floor
1230,8008,Floor
1232,7501,Floor
1234,10142,Floor
1236,9886,Floor
1238,7754,Floor
1240,7757,Floor
1242,9552,Floor
1244,9808,Floor
1,10295,Objects
3,11593,Objects
5,11594,Objects
7,9268,Objects
9,11595,Objects
11,9269,Objects
13,0,Objects
15,9270,Objects
17,10312,Objects
19,10313,Objects
21,10314,Objects
23,10315,Objects
25,0,Objects
27,9288,Objects
29,9289,Objects
31,9290,Objects
33,0,Objects
35,0,Objects
37,8011,Objects
39,11152,Objects
41,11153,Objects
43,11154,Objects
45,11161,Objects
47,11162,Objects
49,9618,Objects
51,9619,Objects
53,9620,Objects
55,9621,Objects
57,9622,Objects
59,9623,Objects
61,9624,Objects
63,9625,Objects
65,9626,Objects
67,13102,Objects
69,13103,Objects
71,13104,Objects
73,13105,Objects
75,13106,Objects
77,13107,Objects
79,13108,Objects
81,13109,Objects
83,13110,Objects
85,13111,Objects
87,13112,Objects
89,13113,Objects
91,13114,Objects
93,12079,Objects
95,13115,Objects
97,12080,Objects
99,12081,Objects
101,13116,Objects
103,13117,Objects
105,12082,Objects
107,12083,Objects
109,12084,Objects
111,12085,Objects
113,12086,Objects
115,12087,Objects
117,12088,Objects
119,12089,Objects
121,12090,Objects
123,12091,Objects
125,10801,Objects
127,12092,Objects
129,12093,Objects
131,10802,Objects
133,10803,Objects
135,10804,Objects
137,10805,Objects
139,10806,Objects
141,10807,Objects
143,10808,Objects
145,0,Objects
147,9774,Objects
149,9775,Objects
151,9776,Objects
153,9777,Objects
155,9778,Objects
157,9779,Objects
159,9780,Objects
161,12107,Objects
163,9781,Objects
165,9782,Objects
167,9783,Objects
169,10824,Objects
171,10825,Objects
173,10826,Objects
175,10827,Objects
177,13203,Objects
179,0,Objects
181,9801,Objects
183,9802,Objects
185,13210,Objects
187,8518,Objects
189,8519,Objects
191,8520,Objects
193,8521,Objects
195,8522,Objects
197,8523,Objects
199,0,Objects
201,11665,Objects
203,11666,Objects
205,11668,Objects
207,11670,Objects
209,11671,Objects
211,11672,Objects
213,11673,Objects
215,11674,Objects
217,7499,Objects
219,11675,Objects
221,10131,Objects
223,10132,Objects
225,10133,Objects
227,10134,Objects
229,10135,Objects
231,10136,Objects
233,10137,Objects
235,10138,Objects
237,10139,Objects
239,13617,Objects
241,13618,Objects
243,13619,Objects
245,13620,Objects
247,13621,Objects
249,12590,Objects
251,12591,Objects
253,12592,Objects
255,12593,Objects
257,12594,Objects
259,12595,Objects
261,12596,Objects
263,12597,Objects
265,0,Objects
267,12598,Objects
269,12599,Objects
271,12600,Objects
273,11309,Objects
275,12601,Objects
277,11310,Objects
279,12602,Objects
281,11311,Objects
283,12603,Objects
285,11312,Objects
287,11313,Objects
289,12604,Objects
291,12605,Objects
293,11314,Objects
295,11315,Objects
297,11316,Objects
299,11317,Objects
301,11318,Objects
303,11319,Objects
305,12180,Objects
307,12181,Objects
309,12182,Objects
311,12184,Objects
313,12185,Objects
315,12187,Objects
317,12192,Objects
319,12193,Objects
321,11336,Objects
323,11337,Objects
325,10387,Objects
327,11338,Objects
329,10388,Objects
331,11339,Objects
333,10389,Objects
335,10390,Objects
337,10391,Objects
339,10392,Objects
341,10393,Objects
343,10394,Objects
345,9035,Objects
347,0,Objects
349,7755,Objects
351,0,Objects
353,12693,Objects
355,12697,Objects
357,12698,Objects
359,12699,Objects
361,12700,Objects
363,10896,Objects
365,10897,Objects
367,10898,Objects
369,10903,Objects
371,12846,Objects
373,10904,Objects
375,12847,Objects
377,10905,Objects
379,12848,Objects
381,12849,Objects
383,12850,Objects
385,12851,Objects
387,12852,Objects
389,12853,Objects
391,12854,Objects
393,12855,Objects
395,12856,Objects
397,11821,Objects
399,12857,Objects
401,11822,Objects
403,9362,Objects
405,12858,Objects
407,11823,Objects
409,9363,Objects
411,12859,Objects
413,11824,Objects
415,9364,Objects
417,11825,Objects
419,9365,Objects
421,12860,Objects
423,12861,Objects
425,11826,Objects
427,9366,Objects
429,11827,Objects
431,11828,Objects
433,9368,Objects
435,11829,Objects
437,9369,Objects
439,11830,Objects
441,9370,Objects
443,11831,Objects
445,11832,Objects
447,0,Objects
449,11833,Objects
451,10542,Objects
453,11834,Objects
455,10543,Objects
457,11835,Objects
459,10544,Objects
461,10545,Objects
463,11836,Objects
465,11837,Objects
467,10546,Objects
469,10547,Objects
471,10548,Objects
473,10549,Objects
475,10550,Objects
477,10551,Objects
479,10552,Objects
481,9520,Objects
483,9521,Objects
485,9522,Objects
487,9523,Objects
489,9524,Objects
491,11851,Objects
493,9525,Objects
495,9526,Objects
497,9527,Objects
499,10568,Objects
501,10569,Objects
503,10570,Objects
505,10571,Objects
507,0,Objects
509,9545,Objects
511,9546,Objects
513,9547,Objects
515,8262,Objects
517,8263,Objects
519,8264,Objects
521,8265,Objects
523,8266,Objects
525,0,Objects
527,12949,Objects
529,12950,Objects
531,12952,Objects
533,12953,Objects
535,12954,Objects
537,11408,Objects
539,11409,Objects
541,11410,Objects
543,11412,Objects
545,11413,Objects
547,11414,Objects
549,11415,Objects
551,11416,Objects
553,11417,Objects
555,11418,Objects
557,11419,Objects
559,9874,Objects
561,9875,Objects
563,9876,Objects
565,9877,Objects
567,9878,Objects
569,9879,Objects
571,9880,Objects
573,9881,Objects
575,9882,Objects
577,9883,Objects
579,13358,Objects
581,13359,Objects
583,13360,Objects
585,13361,Objects
587,13362,Objects
589,13363,Objects
591,13364,Objects
593,13365,Objects
595,13366,Objects
597,13367,Objects
599,13368,Objects
601,13369,Objects
603,13370,Objects
605,12335,Objects
607,13371,Objects
609,12336,Objects
611,12337,Objects
613,13372,Objects
615,13373,Objects
617,12338,Objects
619,12339,Objects
621,12340,Objects
623,12341,Objects
625,12342,Objects
627,12343,Objects
629,12344,Objects
631,11053,Objects
633,12345,Objects
635,11054,Objects
637,12346,Objects
639,11055,Objects
641,12347,Objects
643,11056,Objects
645,11057,Objects
647,12348,Objects
649,12349,Objects
651,11058,Objects
653,11059,Objects
655,11060,Objects
657,11061,Objects
659,11062,Objects
661,11063,Objects
663,11064,Objects
665,0,Objects
667,10030,Objects
669,10031,Objects
671,10032,Objects
673,10033,Objects
675,10034,Objects
677,10035,Objects
679,10036,Objects
681,10037,Objects
683,10038,Objects
685,13464,Objects
687,10039,Objects
689,13465,Objects
691,13466,Objects
693,11080,Objects
695,11081,Objects
697,11082,Objects
699,11083,Objects
701,11925,Objects
703,11926,Objects
705,10056,Objects
707,11928,Objects
709,10057,Objects
711,11929,Objects
713,10058,Objects
715,11930,Objects
717,10059,Objects
719,0,Objects
721,11937,Objects
723,8774,Objects
725,8775,Objects
727,8776,Objects
729,8777,Objects
731,8778,Objects
733,8779,Objects
735,0,Objects
737,12436,Objects
739,12437,Objects
741,12440,Objects
743,12441,Objects
745,12442,Objects
747,12443,Objects
749,12444,Objects
751,11565,Objects
753,11566,Objects
755,11567,Objects
757,11568,Objects
759,11569,Objects
761,11570,Objects
763,10642,Objects
765,11571,Objects
767,11572,Objects
769,11573,Objects
771,10645,Objects
773,11574,Objects
775,11575,Objects
777,11576,Objects
779,0,Objects
781,10647,Objects
783,11577,Objects
785,10286,Objects
787,10648,Objects
789,11578,Objects
791,10287,Objects
793,10649,Objects
795,11579,Objects
797,10288,Objects
799,10650,Objects
801,10289,Objects
803,0,Objects
805,0,Objects
807,10290,Objects
809,10291,Objects
811,10292,Objects
813,10293,Objects
815,10294,Objects
817,10906,Objects
819,12076,Objects
821,12077,Objects
823,12078,Objects
825,13118,Objects
827,10796,Objects
829,10797,Objects
831,10798,Objects
833,10799,Objects
835,10800,Objects
837,12094,Objects
839,11308,Objects
841,12606,Objects
843,11820,Objects
845,12862,Objects
847,11838,Objects
849,12333,Objects
851,12334,Objects
853,13374,Objects
855,11052,Objects
857,12350,Objects
859,11564,Objects
861,11582,Objects
863,13622,Objects
865,13722,Objects
867,13878,Objects
869,13623,Objects
871,14134,Objects
873,14135,Objects
875,13879,Objects
877,13877,Objects
879,0,Objects
881,13720,Objects
883,13975,Objects
885,0,Objects
887,13875,Objects
889,13876,Objects
891,10900,Objects
893,10901,Objects
895,10902,Objects
897,11156,Objects
899,11157,Objects
901,11158,Objects
903,8010,Objects
905,11591,Objects
907,9034,Objects
909,11320,Objects
911,11421,Objects
913,11321,Objects
915,11676,Objects
917,11677,Objects
919,9803,Objects
921,12948,Objects
923,13972,Objects
925,10055,Objects
927,8241,Objects
929,8242,Objects
931,8496,Objects
933,8497,Objects
935,8498,Objects
937,8499,Objects
939,8752,Objects
941,8753,Objects
943,8754,Objects
945,8755,Objects
947,9008,Objects
949,9009,Objects
951,9010,Objects
953,9011,Objects
955,9012,Objects
957,9264,Objects
959,9265,Objects
961,9266,Objects
963,9267,Objects
965,9287,Objects
967,8009,Objects
969,11422,Objects
971,14390,Objects
973,10296,Objects
975,10553,Objects
977,10809,Objects
979,10810,Objects
981,11065,Objects
983,10652,Objects
985,10653,Objects
987,10297,Objects
989,10298,Objects
991,10554,Objects
993,9799,Objects
995,10140,Objects
997,10040,Objects
999,0,Objects
1001,9784,Objects
1003,9785,Objects
1005,10041,Objects
1007,8781,Objects
1009,9787,Objects
1011,9788,Objects
1013,9789,Objects
1015,10043,Objects
1017,10044,Objects
1019,10045,Objects
1021,10299,Objects
1023,10300,Objects
1025,10301,Objects
1027,10555,Objects
1029,10556,Objects
1031,10557,Objects
1033,10311,Objects
1035,10894,Objects
1037,10895,Objects
1039,10794,Objects
1041,10795,Objects
1043,11150,Objects
1045,11151,Objects
1047,11050,Objects
1049,11051,Objects
1051,11562,Objects
1053,10310,Objects
1055,10566,Objects
1057,10567,Objects
1059,9519,Objects
1061,11306,Objects
1063,11307,Objects
1065,11563,Objects
1067,9786,Objects
1069,10042,Objects
1071,10821,Objects
1073,10822,Objects
1075,10823,Objects
1077,11077,Objects
1079,11078,Objects
1081,11079,Objects
1083,13718,Objects
1085,13874,Objects
1087,11166,Objects
1089,11167,Objects
1091,11066,Objects
1093,11067,Objects
1095,11068,Objects
1097,11322,Objects
1099,10811,Objects
1101,10812,Objects
1103,13977,Objects
1105,14131,Objects
1107,10644,Objects
1109,10899,Objects
1111,10908,Objects
1113,11164,Objects
1115,11165,Objects
1117,13979,Objects
1119,14235,Objects
1121,14234,Objects
1123,10309,Objects
1125,14391,Objects
1127,14746,Objects
1129,14646,Objects
1131,14647,Objects
1133,9540,Objects
1135,9541,Objects
1137,9797,Objects
1139,15159,Objects
1141,12694,Objects
1143,8269,Objects
1145,9293,Objects
1147,9549,Objects
1149,10061,Objects
1151,10317,Objects
1153,11423,Objects
1155,11678,Objects
1157,11679,Objects
1159,10828,Objects
1161,13872,Objects
1163,13616,Objects
1165,13873,Objects
1167,10575,Objects
1169,10831,Objects
1171,11085,Objects
1173,11323,Objects
1175,11341,Objects
1177,11597,Objects
1179,12438,Objects
1181,12439,Objects
1183,12945,Objects
1185,12843,Objects
1187,12844,Objects
1189,12845,Objects
1191,13099,Objects
1193,13100,Objects
1195,12946,Objects
1197,13202,Objects
1199,13101,Objects
1201,13357,Objects
1203,14133,Objects
1205,9033,Objects
1207,13199,Objects
1209,14231,Objects
1211,9263,Objects
1213,13206,Objects
1215,8006,Objects
1217,11854,Objects
1219,11855,Objects
1221,12109,Objects
1223,12110,Objects
1225,12111,Objects
1227,9805,Objects
1229,14747,Objects
1231,8008,Objects
1233,7501,Objects
1235,10142,Objects
1237,9886,Objects
1239,7754,Objects
1241,7757,Objects
1243,9552,Objects
1245,9808,Objects
